human_time,computer_time,x1,y1,z1,x2,y2,z2
2021-05-09 16:43:44.378496,1620567824.3784962,6.971538559171753,-14.573490209028645,-0.8328769239904857,5.464820656980036,6.088581404727548,2.3185549057589707
2021-05-09 16:43:44.488358,1620567824.4883583,7.039927077499098,-14.57555222385767,-1.080504024786681,5.474319997716571,6.286367919369077,2.269808420793363
2021-05-09 16:43:44.597648,1620567824.597648,7.374665987392571,-14.920188922647272,-1.2846311191577546,5.647339075117909,6.115924826059404,2.079938074271591
2021-05-09 16:43:44.706556,1620567824.7075539,7.315074199845388,-15.02450095427723,-1.4190095167125936,5.675149058937177,5.857128464560145,1.77246258600377
2021-05-09 16:43:44.816669,1620567824.8166692,7.42294791488258,-15.082292087365278,-1.566640206785009,5.713752307877651,5.922104899136274,1.7037955668025715
2021-05-09 16:43:44.925902,1620567824.9259021,7.344223920718726,-14.992263258254264,-1.5717653882815494,5.6309784876166535,5.981877977694808,1.6459087664676069
2021-05-09 16:43:45.035235,1620567825.0352356,7.328262268644635,-14.888172328281595,-1.7029984121812827,5.5592867201572895,6.073545936881353,1.4759404491685169
2021-05-09 16:43:45.145669,1620567825.1456692,7.4188118944699974,-14.819028231836667,-1.8323292317984088,5.664529444570453,5.996579811274726,1.4150925643468408
2021-05-09 16:43:45.255289,1620567825.2552898,7.727234720537115,-14.903726403992012,-2.1128358988789513,6.0251947558582275,5.941303352169439,1.3563276429228834
2021-05-09 16:43:45.364881,1620567825.364882,7.843140698396311,-14.835911296970567,-2.0003295603189106,6.128717579552555,5.907401832655002,1.507837966981987
2021-05-09 16:43:45.474387,1620567825.4743876,8.0128272509835,-14.813463024904467,-2.1215566682275533,6.2663971582848905,5.717171201357925,1.5366840062551836
2021-05-09 16:43:45.584036,1620567825.584036,8.039671189559964,-14.857467328297577,-2.251384410916446,6.237611970026459,5.7076682422692775,1.5722626943791542
2021-05-09 16:43:45.693593,1620567825.6935935,8.096767529161285,-14.97087773364717,-2.2792665250626887,6.235329102023069,5.650885701425239,1.610639707009578
2021-05-09 16:43:45.802933,1620567825.8029335,8.083059662658272,-14.833320259099384,-2.28713103922515,6.1459919099480995,5.75747461468017,1.6754086245322195
2021-05-09 16:43:45.912629,1620567825.9126298,7.861615651755425,-14.723270662604534,-2.1325989265328276,5.967149999137647,5.863245329087961,1.7322063312019194
2021-05-09 16:43:46.022344,1620567826.0223446,7.6604287361526096,-14.508269073645119,-1.874090959689937,5.732936184571844,5.851675542515887,1.9982096358735626
2021-05-09 16:43:46.131815,1620567826.1318157,7.470198840581649,-14.64557732449443,-1.8967148316656994,5.690836118058662,5.7091233311145215,2.0352094384612385
2021-05-09 16:43:46.241701,1620567826.2417011,7.34751568761462,-14.846622394009424,-2.0596281089593007,5.564652413280969,5.571497646010405,1.837339911869922
2021-05-09 16:43:46.351106,1620567826.3511064,7.400449453879731,-14.890661600396538,-2.4427745593972663,5.6397959889246865,5.41951508399057,1.6486478810317482
2021-05-09 16:43:46.460675,1620567826.460675,7.545533122695045,-15.032919485273327,-2.600718334399794,5.894705282790556,5.487198841000002,1.715296981017926
2021-05-09 16:43:46.570351,1620567826.5703518,7.7008403115827875,-14.788797152585419,-2.6222894430798296,5.976750462081587,5.75935720017933,1.7874171843465896
2021-05-09 16:43:46.680192,1620567826.6801925,7.774515435933775,-14.726887827308422,-2.6383880435421045,6.059108411327912,5.818243780851939,1.8474419310484127
2021-05-09 16:43:46.789586,1620567826.789586,7.7302588887202885,-14.634028237642317,-2.639006437836469,6.048813881905868,6.006870405946854,1.9097940341509652
2021-05-09 16:43:46.899149,1620567826.89915,7.805846668023298,-14.541325869961534,-2.656003420843812,6.1006608532063185,5.93795584585247,2.067643078488198
2021-05-09 16:43:47.008840,1620567827.008841,7.814969138547554,-14.816630979767458,-2.5769939296934776,6.262950746663777,5.756738538619525,2.0991733273365383
2021-05-09 16:43:47.118325,1620567827.118326,7.822668445366854,-15.094334397141546,-2.3870399437816414,6.240036632227612,5.389731186974482,2.2238097182023493
2021-05-09 16:43:47.227929,1620567827.227929,7.7395862187733435,-15.018329233896424,-2.2670515686888675,6.2696459222723115,5.344439638952321,2.2656252921391036
2021-05-09 16:43:47.337867,1620567827.3378673,7.667017594146055,-14.886155264443323,-2.2745719129105035,6.156077491251591,5.341674056867658,2.304684389510761
2021-05-09 16:43:47.447306,1620567827.447307,7.6232259284650095,-14.898149124486384,-2.304438857938684,6.089278876326132,5.356630496449912,2.3486642127061153
2021-05-09 16:43:47.556398,1620567827.5563982,7.6170379422462275,-14.869590910605698,-2.453545189051975,6.1218696093725535,5.228062746947446,2.265975834001353
2021-05-09 16:43:47.666377,1620567827.6663778,7.602449691257315,-15.15711230941658,-2.52009195865256,6.166728383667915,4.723678710274984,2.2610629023093973
2021-05-09 16:43:47.776366,1620567827.776366,7.570991651678053,-15.705429672978687,-2.59599912608024,6.036457850407956,4.089694181860106,2.1259763527042086
2021-05-09 16:43:47.885701,1620567827.8857012,7.428516670414371,-16.01045237710249,-2.875103407413035,5.9079342712695,3.835995939842595,1.7901359842600923
2021-05-09 16:43:47.994649,1620567827.9946492,7.468347698128602,-15.914708052192301,-3.2518708318402414,5.884462142766935,3.735280091480987,1.466803180772742
2021-05-09 16:43:48.104836,1620567828.1048367,7.231226548742267,-16.030758726456643,-3.6300524588085703,5.643287204475434,3.4646873199369557,1.1333812645760537
2021-05-09 16:43:48.214488,1620567828.2144883,6.941761898889614,-16.218063258474,-3.773446571936739,5.553990843269615,3.4462274322307453,0.9408206014968781
2021-05-09 16:43:48.324045,1620567828.3240454,6.870349622388618,-16.18533405242022,-3.8214709394381408,5.578758894386239,3.6630057871763677,0.8917449322491664
2021-05-09 16:43:48.433647,1620567828.4336472,6.7680599968826245,-16.17342316420769,-3.860648771077383,5.5216580249194225,3.833240578738389,0.9512963212534955
2021-05-09 16:43:48.543336,1620567828.5433362,6.757352581317785,-16.21167192263271,-4.047219063698774,5.597911279692706,3.8859662835081643,0.8875183886113867
2021-05-09 16:43:48.652149,1620567828.6521494,6.82310754988747,-16.06007040871708,-4.1198057973529085,5.64177146464947,3.985261927042805,0.8400979168761898
2021-05-09 16:43:48.762592,1620567828.762593,6.761887842715596,-16.149906767198317,-4.074060973490821,5.70553194482476,3.9999792987095586,0.7748479858752211
2021-05-09 16:43:48.872056,1620567828.8720562,6.802138423886619,-16.100701202190752,-4.107678264055057,5.7459354144505514,3.8025530017224876,0.8099604056339504
2021-05-09 16:43:48.981694,1620567828.9816942,6.985317904419061,-15.938856584485505,-4.0266887784878564,5.861000024523037,3.8198525556762233,0.8614115695809511
2021-05-09 16:43:49.091405,1620567829.0914056,7.089567615858755,-15.89647118230721,-3.9376671196624535,5.921215777431127,4.0146888173697555,1.045811720764046
2021-05-09 16:43:49.200817,1620567829.2008176,7.1427357228795625,-15.973186745568754,-3.848603059938259,5.795629373126843,4.351021924467937,1.3500672764302586
2021-05-09 16:43:49.310416,1620567829.3104162,7.295359769686268,-16.14906020872487,-3.7829940195717513,5.9107288546141925,4.659795220445672,1.7688337182830125
2021-05-09 16:43:49.420017,1620567829.4200177,7.3937314574714,-16.207539339116913,-3.688850830315415,5.829803326187338,4.604271553047825,2.031262107416482
2021-05-09 16:43:49.530601,1620567829.5306015,7.342788276962327,-16.550054824204487,-3.821260148587198,5.800555442023988,4.379925093897055,1.9575815737663114
2021-05-09 16:43:49.639102,1620567829.6391027,7.404341133053629,-16.189938751837524,-4.093320388418309,5.769080455692979,4.61622787108594,2.018120142563854
2021-05-09 16:43:49.748701,1620567829.7487013,7.346853929419275,-15.959788590500434,-4.1009452880921495,5.854105619487955,4.843140130472511,2.2042658670602573
2021-05-09 16:43:49.858456,1620567829.8584561,7.466861563067177,-16.299764223203294,-4.500031338376204,5.825390379077312,4.506125516254894,2.0048837520610006
2021-05-09 16:43:49.968013,1620567829.968013,7.7261468264671995,-16.711186450557314,-4.854566038428593,5.846259548719377,4.182478640749609,1.9120308719112458
2021-05-09 16:43:50.077575,1620567830.0775757,7.49614818817935,-16.634210538536564,-4.73596956334114,5.679166472006615,3.975831853611068,2.0616678486795075
2021-05-09 16:43:50.187130,1620567830.1871305,7.247908839977835,-16.37190365801397,-4.706847880617267,5.520025667772267,3.929398214657562,1.9887841534752513
2021-05-09 16:43:50.296885,1620567830.2968857,7.251291075935773,-16.220520931650405,-4.607791637878856,5.757128993117535,4.1489417038124685,2.1860374693878515
2021-05-09 16:43:50.406331,1620567830.4063308,7.332348935027942,-16.26709218226416,-4.621664757951164,5.839785300390712,4.181482607626406,2.3521856127114864
2021-05-09 16:43:50.515951,1620567830.5159514,7.2712201264224685,-16.078322100540703,-4.395663911313894,5.880886954711221,4.34375089169323,2.534982046862487
2021-05-09 16:43:50.625849,1620567830.625849,7.285298576776962,-16.033024822560055,-4.532279961234734,5.75727843121294,4.241205906948828,2.349440734903419
2021-05-09 16:43:50.735467,1620567830.7354674,7.2163059652085435,-15.947585195439977,-4.677773681917812,5.867585870003757,4.137869507299136,2.161757339433392
2021-05-09 16:43:50.844922,1620567830.844922,7.272422086558502,-15.781128003295079,-4.935361736191606,5.887881151435258,4.123664203242142,1.853166427884705
2021-05-09 16:43:50.954375,1620567830.9543753,7.300947998315123,-16.04063285506498,-4.995130605206385,5.977410110586671,3.844104676066088,1.764875530404015
2021-05-09 16:43:51.064093,1620567831.0640936,7.281109574493932,-15.98881336753028,-5.122514854392629,6.009959799908509,3.94358005322393,1.707852662626028
2021-05-09 16:43:51.173647,1620567831.1736479,7.413293042280986,-15.85975716614759,-5.122971354332064,6.098087469878209,4.017953726618146,1.7801767265407062
2021-05-09 16:43:51.283090,1620567831.2830906,7.352615464223465,-15.924487804525231,-5.021196343710397,5.999946133029977,4.195045083561245,1.9608432004664031
2021-05-09 16:43:51.392804,1620567831.3928046,7.288400707724965,-16.116614046546268,-4.946312375550011,5.860928410050385,4.128175772107745,2.2403613595716303
2021-05-09 16:43:51.501749,1620567831.5017498,7.169633162255105,-16.549422483615462,-5.024048673284,5.767267362221006,3.7515436617457087,2.375289857617895
2021-05-09 16:43:51.612158,1620567831.6121583,7.00420196238745,-16.698227701672625,-4.982907524888076,5.681975773661172,3.7302756926181835,2.4284875560049066
2021-05-09 16:43:51.721828,1620567831.721828,6.855417408752677,-16.67974757052567,-5.008394696546359,5.603753349431494,3.777023068983705,2.3612636424271125
2021-05-09 16:43:51.831288,1620567831.8312886,6.815517738759165,-16.794761075902006,-5.186650480291227,5.560000252642766,3.69574522525848,2.171761733332275
2021-05-09 16:43:51.940859,1620567831.9408598,6.910071265316601,-16.655913884550873,-5.34417751082969,5.66493298258561,3.8322624774874634,2.120809043359632
2021-05-09 16:43:52.050367,1620567832.0503669,6.945412109549934,-16.429665630719228,-5.471826259926804,5.698591159291068,3.943535585108472,1.9509943411743216
2021-05-09 16:43:52.159930,1620567832.1599302,6.9940439334080855,-16.30412728914616,-5.507806332898409,5.76484072380428,3.951835494256366,1.8856430573895075
2021-05-09 16:43:52.269533,1620567832.2695334,7.102056614984513,-16.437939038821476,-5.542061742037824,5.758554481117353,3.9793947980247513,1.9401872613440374
2021-05-09 16:43:52.378818,1620567832.3788183,7.063722556637811,-16.180669489475545,-5.54025592251701,5.654261374181718,4.214164585021845,2.0071176631848893
2021-05-09 16:43:52.488729,1620567832.4887297,7.116151130040941,-16.108419432975502,-5.327404243376883,5.730626370554607,4.310627247178322,2.1814621239591676
2021-05-09 16:43:52.598224,1620567832.5982246,7.025848114671814,-15.997956602126576,-5.216349660970926,5.628115896251556,4.409254051534984,2.2368522948774703
2021-05-09 16:43:52.707059,1620567832.7070594,6.995664109645993,-16.06063829855719,-5.026028583579915,5.599548046648307,4.34437650900244,2.400721806830977
2021-05-09 16:43:52.815582,1620567832.8155823,6.974246232436048,-16.09399194995613,-4.9472356940394375,5.5498506467335265,4.192123230977387,2.4383293174690754
2021-05-09 16:43:52.926966,1620567832.9269667,6.949201155851179,-16.177578262764293,-4.976571184938792,5.4810058802303505,4.143851921914399,2.4859449669394924
2021-05-09 16:43:53.036893,1620567833.0368931,6.946293752538632,-16.281090365733338,-5.121051853832921,5.539675991863788,4.070465865047565,2.4210367214233273
2021-05-09 16:43:53.146393,1620567833.1463935,7.141878553805108,-16.375523867847996,-5.398135897470739,5.70367026092379,4.007192089810003,2.241382735127216
2021-05-09 16:43:53.255937,1620567833.2559378,7.2195020292436665,-16.378896253265125,-5.8927812307218925,5.727558557190685,3.9473531021183375,1.8317866125742621
2021-05-09 16:43:53.365547,1620567833.3655477,7.132713190615713,-16.416103194334116,-6.373553585058075,5.634284454361999,3.932213963492101,1.3003276699739055
2021-05-09 16:43:53.475006,1620567833.4750066,6.864079252787521,-16.409391298133105,-7.412686315475359,5.36781127222626,3.9554440379332436,0.18852261318926486
2021-05-09 16:43:53.584595,1620567833.5845952,6.880436296304774,-16.292498657960895,-9.417955845886349,5.3331767434014665,4.025513271380003,-1.8433914677870107
2021-05-09 16:43:53.694465,1620567833.6944656,6.702273778305006,-16.376806704463434,-12.724564055172428,5.166332814616866,3.7808823862914576,-5.175482993961927
2021-05-09 16:43:53.804026,1620567833.8040266,6.771206697863322,-16.026796364615247,-17.56898038640021,5.169333896286448,4.13093589232709,-9.966951849254722
2021-05-09 16:43:53.913482,1620567833.9134822,6.981492458007557,-15.609621250975133,-23.268128554714124,5.474108913697624,4.46084479249683,-15.654711561998111
2021-05-09 16:43:54.023045,1620567834.0230458,6.929715315705048,-14.869351226920848,-30.300747692470416,5.514824512324333,5.062036056359822,-22.84637877295903
2021-05-09 16:43:54.132643,1620567834.1326432,7.352490901225045,-14.572375553401345,-38.23642098294622,5.956760476114885,5.238631653200817,-30.746279635933075
2021-05-09 16:43:54.242408,1620567834.2424088,7.700170768382799,-14.294176623292552,-47.20867771333057,6.372611859661862,5.504561711736626,-39.8103099532907
2021-05-09 16:43:54.352005,1620567834.352006,8.436001256195773,-13.615429870716932,-56.667143475682025,7.313137630967381,6.1062394606508885,-49.17895418666231
2021-05-09 16:43:54.461722,1620567834.4617221,8.730685443592092,-13.429887425940217,-66.33946325632314,7.597890753128659,6.176816046648279,-58.98688410735577
2021-05-09 16:43:54.571337,1620567834.571338,8.720606362296401,-13.056798779846455,-76.53271941554026,7.670524400854676,6.523719998433856,-69.44824761784892
2021-05-09 16:43:54.680930,1620567834.6809304,8.798512432359312,-12.672118103107751,-86.63797938567127,7.860830748956863,6.905073122677736,-79.65788604060992
2021-05-09 16:43:54.790850,1620567834.7908504,8.556025621003771,-12.474659034888626,-96.61355893961385,7.695734648543087,7.01374221014228,-89.66093505543186
2021-05-09 16:43:54.900215,1620567834.9002154,8.341874110971824,-12.341146377194578,-106.00794474268145,7.72097136771845,7.200789078808565,-99.06676268250499
2021-05-09 16:43:55.009179,1620567835.0091798,8.146693778019367,-12.345525063288243,-114.85020348503828,7.557679088782473,7.249534762135089,-108.03392226666963
2021-05-09 16:43:55.119930,1620567835.1199303,7.857307645717773,-12.77724127619159,-122.99577662286761,7.162152230401643,7.099608666373926,-116.30008751634972
2021-05-09 16:43:55.229273,1620567835.2292733,7.804110940620523,-12.39619936643053,-130.08384671581277,6.9678164326433,7.589271921798088,-123.35020694045993
2021-05-09 16:43:55.338890,1620567835.33889,7.991150322737785,-12.541391736539943,-136.24004794723518,7.450647435586779,7.552646565859615,-129.3689268947642
2021-05-09 16:43:55.447883,1620567835.4478838,8.663976513083924,-13.015277551731113,-140.74774726698826,7.817072796936012,7.216743735753649,-133.5611353940353
2021-05-09 16:43:55.558182,1620567835.5581827,8.520890799496364,-13.13021314946176,-144.39115967885843,7.688423872083233,7.317038502047165,-137.2963444397304
2021-05-09 16:43:55.667948,1620567835.667948,8.561258361571081,-13.24862730558966,-147.00644457292725,7.6876754243717285,7.10654641068351,-139.90390201454676
2021-05-09 16:43:55.777517,1620567835.7775178,8.292513647259252,-13.785804818437423,-149.26066065964483,7.330556434198094,6.466080408883464,-142.21596012439224
2021-05-09 16:43:55.887441,1620567835.8874414,8.088563217882795,-14.192526873835103,-151.44216040285517,7.034377458501268,5.806664784724613,-144.38690016887045
2021-05-09 16:43:55.996941,1620567835.9969413,7.6234019729402345,-14.37705589668018,-152.7285554239854,6.657577973078018,5.742222486167206,-145.6782684361845
2021-05-09 16:43:56.106402,1620567836.1064026,6.73762594731695,-15.735651899466355,-153.04410944239493,5.482834267585108,4.216584157070715,-146.36818345050648
2021-05-09 16:43:56.216335,1620567836.2163358,6.238675260728419,-16.403445450836568,-153.97624968718026,5.038305787352277,3.4777063079347483,-147.68118863948996
2021-05-09 16:43:56.325830,1620567836.3258307,5.890633342738192,-16.916263880654807,-155.10594313199707,4.6719770604253785,2.98674329653295,-148.85671537876178
2021-05-09 16:43:56.435291,1620567836.4352918,5.6363727979612115,-16.85711394957123,-156.36279139843992,4.242522842354341,2.952272023842568,-150.24975934331064
2021-05-09 16:43:56.544919,1620567836.5449197,5.802859952591686,-16.19269003480499,-158.820478209547,4.06160921760107,3.7811333973834307,-152.4933604399379
2021-05-09 16:43:56.654627,1620567836.6546276,5.75970853166231,-14.807930268971074,-161.232444320803,4.079015772843655,5.67077939687666,-154.88312198373202
2021-05-09 16:43:56.764200,1620567836.7642002,5.937019331037699,-13.854118116227042,-163.59435384597427,4.171845672940411,6.4327571901918095,-157.29653356969985
2021-05-09 16:43:56.873612,1620567836.873612,5.417783335157633,-13.207884085739057,-165.23460490303188,3.5173434672703774,7.527721777416628,-159.09133194521948
2021-05-09 16:43:56.983467,1620567836.983467,5.9849583168480684,-13.164391682940646,-166.14516815419867,4.2528058866386695,7.519482824622689,-159.76085073924392
2021-05-09 16:43:57.093019,1620567837.0930188,6.660156505323266,-14.552997662180356,-166.47905215116643,5.062570613738791,5.888113024723052,-159.63063983277337
2021-05-09 16:43:57.202820,1620567837.2028205,7.133687345915892,-15.633574074246052,-166.00197592172324,5.744018496179411,4.703983816709398,-158.7789765032985
2021-05-09 16:43:57.312094,1620567837.3120942,7.643831945801614,-16.440400527020596,-165.17107464229858,6.390842555693129,4.174326782212918,-157.70943645336058
2021-05-09 16:43:57.421670,1620567837.42167,8.019961793572033,-17.195600869504094,-163.8276024857275,6.979922368738539,3.7079649674014474,-155.86273307690865
2021-05-09 16:43:57.531260,1620567837.5312607,8.332244161613506,-16.984137194048692,-161.97089918326463,7.07951229280186,4.2345044694073755,-153.86099271260483
2021-05-09 16:43:57.640854,1620567837.6408546,8.727438701069007,-15.382312826922218,-160.53490097861476,7.250452149250543,6.355694128614357,-152.15150863721564
2021-05-09 16:43:57.750422,1620567837.7504227,7.465324168625377,-14.548685645043603,-159.44887861827746,5.90733804536351,6.232473698575269,-151.5249364910959
2021-05-09 16:43:57.860016,1620567837.860016,7.988757824359254,-14.290598183238549,-158.87789984282807,6.904294794259208,6.359922325319198,-150.55206056016422
2021-05-09 16:43:57.969559,1620567837.9695592,8.230067748664501,-14.936215462955403,-157.78620030495847,7.335477935167894,5.712990976276972,-149.2091386937241
2021-05-09 16:43:58.079148,1620567838.0791483,8.078685431870703,-16.033811358960566,-157.36005196691195,6.797680084821251,4.490582646658132,-148.82350216870162
2021-05-09 16:43:58.189240,1620567838.1892402,7.79081217286233,-16.571767229149735,-157.0693403510227,6.282945078547778,4.059537158390218,-148.85141530974997
2021-05-09 16:43:58.298450,1620567838.2984507,7.1297926343418485,-16.856912484568376,-157.9457974482961,5.4859878940512194,4.041792039018868,-150.0200377588474
2021-05-09 16:43:58.408069,1620567838.4080696,6.673314708155833,-16.757957515545872,-159.7019857580352,4.998718808407221,4.022523096119168,-151.8845342199876
2021-05-09 16:43:58.517830,1620567838.5178301,6.425299036207387,-16.505841512515502,-162.80022900914832,4.58456310451654,4.427387003790821,-155.20715283203475
2021-05-09 16:43:58.627642,1620567838.6276424,6.0928775976223575,-15.485761851911203,-167.60614947380637,4.116191179793313,5.321257318962549,-160.23274785148095
2021-05-09 16:43:58.737001,1620567838.7370014,5.289508481185932,-14.717313967732652,-174.5679087832636,3.381641645440618,6.154942205976676,-167.6589586258761
2021-05-09 16:43:58.846079,1620567838.8460789,5.56859249117454,-14.702715505432408,176.23595225322347,3.832717664621292,5.712371211515864,-177.04137300082292
2021-05-09 16:43:58.956358,1620567838.9563584,5.868247144658877,-15.160593314980183,166.08827038202963,4.60060709246243,4.817769282704232,172.89309591748804
2021-05-09 16:43:59.065841,1620567839.0658414,7.269169546547903,-14.897437163513844,155.1319308880295,6.054358087610379,4.992305203841349,162.41608916420014
2021-05-09 16:43:59.175464,1620567839.1754649,7.634587441816298,-14.234596105764112,143.10686558207956,6.2291262694186695,5.703150907043135,150.2618776474417
2021-05-09 16:43:59.285128,1620567839.285129,7.983195171545311,-13.614022760781635,129.65441025613296,6.993817987871158,6.246560448289244,136.85200843589325
2021-05-09 16:43:59.394737,1620567839.3947375,8.253856335221395,-13.213866357916345,115.7442774108383,7.32465583214215,6.75038712096454,122.93376396883315
2021-05-09 16:43:59.504530,1620567839.5045304,8.17552519720547,-12.475006486583487,101.00910734584828,7.304510187622646,7.4671892144376715,108.08443465174753
2021-05-09 16:43:59.614098,1620567839.6140988,8.116956499003278,-12.047453766146239,85.572548213393,7.285012891289954,7.909632402978758,92.4274383351773
2021-05-09 16:43:59.723385,1620567839.723385,7.9391701460713335,-11.515119163623945,69.62178973117373,7.206272293501268,8.584245539028323,76.33153053998325
2021-05-09 16:43:59.833392,1620567839.8333921,7.560066710154554,-11.0972159690259,53.4435541448381,6.940303426939626,8.921846384067377,59.76732383446259
2021-05-09 16:43:59.943112,1620567839.9431129,7.2057572988099325,-10.993194397994358,37.36433831624423,6.6877030086730525,8.890762347426326,43.190505752607514
2021-05-09 16:44:00.052117,1620567840.0521176,6.776810899346646,-10.905500331617079,21.177226000317482,6.454465721153215,8.869542538469325,26.75573186897249
2021-05-09 16:44:00.162422,1620567840.1624224,6.151138870953916,-10.919606789742993,5.560958599866685,5.9468949065058005,8.644985953668504,10.881680820382778
2021-05-09 16:44:00.272173,1620567840.2721734,5.654494147389589,-11.314291635640352,-9.857767712817157,5.735154490534677,8.177858362976382,-4.757169930734378
2021-05-09 16:44:00.381854,1620567840.3818543,5.385717591235177,-11.514437323333018,-24.29514362124154,5.790559491042966,7.98172844054614,-19.407468662429523
2021-05-09 16:44:00.491693,1620567840.4916937,5.269697808677774,-11.843440010871117,-37.7205195315299,5.934476240302848,7.921304264229223,-32.8965517991759
2021-05-09 16:44:00.601096,1620567840.601096,5.415956542092162,-11.653646691610366,-49.40190096507686,6.06024065226571,8.348331412487285,-44.636967914147434
2021-05-09 16:44:00.710962,1620567840.7109625,5.645725222947756,-11.625525062523884,-59.343871939604504,6.1812790623396765,8.496626923054082,-54.56947554188379
2021-05-09 16:44:00.820630,1620567840.8206306,5.559134695680358,-11.990109322879935,-67.86367995651544,5.921519497093839,8.278228425451447,-63.18661374951092
2021-05-09 16:44:00.930034,1620567840.9300342,5.7817748240742315,-12.433181490464207,-74.67715445785457,6.066968016173221,7.779554918442409,-69.84989308844256
2021-05-09 16:44:01.039838,1620567841.0398386,6.30816301584324,-12.824775657904752,-80.21516899368783,6.4085369887516626,7.446037604700677,-75.23902322113533
2021-05-09 16:44:01.149710,1620567841.149711,6.61934517587091,-13.54464207803525,-84.88298061134019,6.549647306487422,6.82309548221512,-79.8886860963732
2021-05-09 16:44:01.259205,1620567841.2592053,6.862542284731181,-14.244980317227718,-88.25855112807767,6.823299177265668,6.3221831316467965,-83.13076465797103
2021-05-09 16:44:01.368519,1620567841.368519,6.9758952371370775,-14.554491675489574,-90.98704629862624,6.621291534104277,6.196630914019653,-85.68582814154882
2021-05-09 16:44:01.478418,1620567841.4784186,7.531021098318919,-14.17377326703644,-93.60412697948318,7.118602238880543,6.571262325505729,-88.03400146697172
2021-05-09 16:44:01.587467,1620567841.587467,7.914267334135901,-14.326440509354418,-95.52026728968673,7.220187326070621,6.598989753482365,-89.59901391823124
2021-05-09 16:44:01.697838,1620567841.6978385,7.928768036744277,-14.129695347840052,-97.18922740282174,7.147864168147235,6.9740173896583375,-91.24042565477744
2021-05-09 16:44:01.807429,1620567841.807429,7.472965132449812,-13.44463198712922,-98.61535870304074,6.6689307012049825,7.551696682002482,-92.7360060263338
2021-05-09 16:44:01.917008,1620567841.9170084,7.860833035980146,-12.95542960104009,-99.81753070136767,7.320952393721705,7.881936396718184,-93.55657744508318
2021-05-09 16:44:02.024495,1620567842.0244951,7.755753726592592,-12.566490677528984,-101.22038620342363,7.2442877575540265,8.159364621249871,-94.79198268835283
2021-05-09 16:44:02.136185,1620567842.1361856,7.371310384737581,-13.344647685734351,-102.94766458954057,6.26831463974014,7.005458918151353,-96.70928463832223
2021-05-09 16:44:02.245889,1620567842.2458892,6.1684285807596275,-14.416919522760706,-104.8216382727337,5.218078338365597,5.92328565189048,-99.20049307679935
2021-05-09 16:44:02.355539,1620567842.3555398,5.427604594270332,-14.770094335633857,-107.38614487264785,4.2958802114360655,5.291164573454419,-102.36150234373099
2021-05-09 16:44:02.465108,1620567842.4651084,5.095630482346303,-15.464415801625094,-110.83734872442432,4.089979560793856,4.611501066365551,-105.94590767830793
2021-05-09 16:44:02.575005,1620567842.5750055,5.230371613740718,-15.755506482644996,-114.33530013299139,4.154376649975957,4.110433862344977,-109.41700298583903
2021-05-09 16:44:02.684441,1620567842.684441,5.118595366767277,-15.508774891979002,-118.45675429597115,3.9403809627559356,4.29435552323515,-113.67147848458364
2021-05-09 16:44:02.794044,1620567842.7940443,5.275277887491079,-14.67560669166753,-122.67025707686365,4.164689772929161,5.340523455973684,-117.97400043044259
2021-05-09 16:44:02.903659,1620567842.903659,6.038314938665049,-13.459146025989142,-127.30397735842988,4.938702961002207,6.543207677794654,-122.41859686220491
2021-05-09 16:44:03.013548,1620567843.0135486,6.092674919373345,-13.245687229512956,-130.81760549801095,4.708576781254541,6.730538249048171,-125.78663442859497
2021-05-09 16:44:03.123042,1620567843.1230426,5.999017707979997,-13.058387300789958,-133.32849161984836,4.576228528340798,6.672319179971654,-128.2878160274963
2021-05-09 16:44:03.232878,1620567843.232879,5.761661153588534,-13.825966051703864,-134.80147747551584,4.515941049219752,6.055774186840901,-130.11028122467116
2021-05-09 16:44:03.342361,1620567843.3423615,5.800302042226996,-15.062104654484164,-135.94160298232643,4.752794823692708,4.827724828782126,-131.42484507225484
2021-05-09 16:44:03.451815,1620567843.4518158,5.789670751511556,-15.676542566146727,-136.6980149100201,5.129023791193653,4.057793313045708,-131.96442214739858
2021-05-09 16:44:03.561511,1620567843.5615113,6.772088382822327,-16.27564581754823,-136.57256984534516,6.319449243165063,3.634185967514223,-131.24657609603148
2021-05-09 16:44:03.670997,1620567843.670997,7.116991555678457,-16.89932572509835,-136.09647885086576,6.662032617378468,3.421487684388082,-130.56724842582517
2021-05-09 16:44:03.779734,1620567843.7797348,7.641898706422523,-16.161710138386404,-134.62627978463354,7.06000054398888,4.586794225710059,-128.60248359795054
2021-05-09 16:44:03.890140,1620567843.8901408,7.887359514198372,-14.997320713325193,-132.84883252454472,6.918549005490978,6.123213089100242,-126.7298876828274
2021-05-09 16:44:03.999809,1620567843.9998097,7.755504523393839,-13.634841191043112,-131.25667370876437,6.505817232849309,7.489056646480091,-125.1719564330974
2021-05-09 16:44:04.109310,1620567844.1093104,6.390412675446885,-13.234581047297548,-129.7333761878859,5.309298808890598,7.745859589954291,-124.12601682389645
2021-05-09 16:44:04.219026,1620567844.2190268,6.494173018297881,-13.035411588217043,-129.16101111877933,5.474920639422626,7.588216932207812,-123.4556542562037
2021-05-09 16:44:04.328459,1620567844.3284597,6.801020985315317,-13.706184921876105,-128.31527423661123,5.573560423011319,6.707313307056386,-122.37297623574493
2021-05-09 16:44:04.436536,1620567844.4365368,5.81336476673142,-15.40047114779528,-126.98340546156199,4.56311597219755,4.763722208333871,-121.33570031883318
2021-05-09 16:44:04.547138,1620567844.5471385,5.159314503628357,-15.857268783541345,-126.37410459975223,3.8987044543024836,4.468537210932075,-121.08368895667769
2021-05-09 16:44:04.655334,1620567844.655335,4.522490109841919,-15.40287015822203,-126.39492602545751,3.100269795483842,4.696330943712172,-121.3120180171495
2021-05-09 16:44:04.766970,1620567844.7669706,4.398719158746975,-14.998222392987696,-127.05157059293128,2.9961083854560453,5.098535164406038,-121.73060081130484
2021-05-09 16:44:04.876877,1620567844.8768775,4.6611541734140545,-14.170798455643247,-128.19468950021223,3.3143228430664884,6.017544982584583,-122.57866855713291
2021-05-09 16:44:04.986213,1620567844.9862134,4.554966278576539,-12.61563456151593,-129.46769776036598,2.9081746575481247,8.186321033171977,-123.760416458077
2021-05-09 16:44:05.095724,1620567845.0957248,4.847403076645322,-11.549087990249456,-131.35863531820732,3.3460611972665895,9.140629734911878,-125.19312238589457
2021-05-09 16:44:05.205206,1620567845.2052069,4.8905651142309425,-11.769856496178638,-132.2042744029949,3.1485638583849562,9.426530071176341,-125.7901654742504
2021-05-09 16:44:05.315009,1620567845.3150098,4.710091656783855,-12.180950878247573,-132.98520767892703,2.875716876522767,8.726489979754156,-126.70676079322911
2021-05-09 16:44:05.424651,1620567845.4246511,5.1182994015392635,-13.595218025137779,-133.9960605636284,4.14153028343536,7.149280842738239,-127.60007232184628
2021-05-09 16:44:05.534136,1620567845.534136,5.477285661546665,-15.28646759762029,-132.89752340437215,4.698333402192075,5.76546009401739,-126.39356455847567
2021-05-09 16:44:05.643720,1620567845.6437201,6.042303163979566,-17.048309035570362,-132.07400007426264,5.781824117701637,3.963970143801664,-125.27289092927788
2021-05-09 16:44:05.751316,1620567845.7513165,6.684593993946216,-17.946244633115324,-130.62294574004613,6.443312509419549,3.0996989173737344,-123.61741779606226
2021-05-09 16:44:05.863107,1620567845.8631077,6.916339605056261,-17.99565813601438,-128.9990609963144,6.631217806219341,2.988172796880777,-121.79228129946848
2021-05-09 16:44:05.972684,1620567845.9726846,7.018591659386038,-17.760684568901972,-127.46843997869779,6.826302508562814,2.990810989205904,-120.43052626673013
2021-05-09 16:44:06.082216,1620567846.082217,6.525386101469348,-16.576483899371347,-125.98984958912591,5.999782285199967,4.371085901598591,-119.19643407177549
2021-05-09 16:44:06.191777,1620567846.1917777,6.260164654291573,-15.32957942393758,-124.77216836308868,5.575423098837971,5.183672646938665,-118.07276399219724
2021-05-09 16:44:06.301263,1620567846.3012636,4.886584426462001,-14.423036551364616,-124.07016323682082,4.545206584940485,6.216611051020841,-117.99192788497201
2021-05-09 16:44:06.410939,1620567846.41094,4.747393666799336,-14.049115634941156,-124.14033473666406,4.424797361567502,6.310530268776915,-118.00903763701513
2021-05-09 16:44:06.520885,1620567846.5208857,4.941639897634229,-14.551748678052439,-124.46902342523525,4.50803919277182,5.665324306735209,-118.18324493513532
2021-05-09 16:44:06.630496,1620567846.6304967,4.801947829912099,-15.458897151311163,-124.69472335020657,4.104121107335899,4.826416215055451,-118.42939013153605
2021-05-09 16:44:06.740003,1620567846.7400036,4.935047452490349,-15.984006069799753,-125.23727507094114,4.27337783722724,4.492185738381474,-119.09216344713634
2021-05-09 16:44:06.849452,1620567846.8494523,4.924801504400141,-16.318354324307634,-126.52173264745694,4.401387564906451,4.4025169048912005,-120.45949489129612
2021-05-09 16:44:06.959260,1620567846.9592605,4.934681578874889,-16.18574004694361,-127.31224691205499,4.508880078243644,4.700868059271385,-121.2337319925155
2021-05-09 16:44:07.068859,1620567847.0688598,4.927834684305296,-15.616196704071344,-128.5499635570246,4.391203465903796,5.476327081655572,-122.34328560873708
2021-05-09 16:44:07.178364,1620567847.178365,4.846294152185801,-15.36998914866332,-129.54875399107962,4.188481162535614,5.937620143565754,-123.34751470962412
2021-05-09 16:44:07.288199,1620567847.2881997,4.79541699046362,-14.613597247034484,-131.19060525128816,4.004603989993286,6.464968019775951,-125.13260936898405
2021-05-09 16:44:07.397891,1620567847.397891,4.129882917808952,-13.968399919547927,-132.9912359299107,2.9515316780917695,7.096358169923302,-127.37239031204946
2021-05-09 16:44:07.507071,1620567847.5070715,2.9973640595465043,-13.20643279338918,-134.86812024963348,1.9016354161387432,7.559688644127215,-129.47895347283085
2021-05-09 16:44:07.616831,1620567847.616831,2.8073196200370414,-13.580923196834116,-136.3995554770412,1.965934728134356,7.306621391255243,-131.26756598745078
2021-05-09 16:44:07.726757,1620567847.7267575,3.2282102243594015,-14.087483464860517,-137.6286081949334,2.682709005946612,6.38588380378045,-132.8428243031383
2021-05-09 16:44:07.836050,1620567847.8360503,4.759292354261209,-15.059289894017773,-138.95177537161894,4.610791907047916,5.131617863681791,-133.88339165400464
2021-05-09 16:44:07.945578,1620567847.9455786,6.220293197370067,-15.745831346390826,-139.32662469043981,6.066073834939182,4.207953603945451,-133.64513499850779
2021-05-09 16:44:08.055123,1620567848.055124,7.146155596547303,-16.411967620939837,-139.69802742786482,6.882680262587132,3.5211499716468473,-133.59398559641897
2021-05-09 16:44:08.165038,1620567848.1650388,7.824914651301158,-16.650923985768856,-139.3210404946548,7.498217325137587,3.3229325798595077,-133.05440633175928
2021-05-09 16:44:08.274553,1620567848.2745533,7.7553928022642635,-16.706889664203008,-138.4963698040516,7.403817492739117,3.4743522368168867,-132.04180022919576
2021-05-09 16:44:08.384062,1620567848.3840628,7.689378946962209,-16.676250635935485,-137.48567341080684,7.329762525603597,4.015700365757159,-131.08170310318698
2021-05-09 16:44:08.493777,1620567848.4937775,7.657576033894709,-15.967922874363575,-136.16063692835561,7.304318281617422,4.813178972096429,-129.70559249890502
2021-05-09 16:44:08.603180,1620567848.603181,7.224919186419958,-15.912407311905143,-134.56912863542334,6.67216818351819,4.91878945423479,-128.06681363294337
2021-05-09 16:44:08.712670,1620567848.7126703,6.69341416836709,-15.640355341049016,-133.39143131043437,6.110611948383674,5.241500454900039,-126.95923968900708
2021-05-09 16:44:08.822328,1620567848.8223286,6.431533915805028,-15.506805801945855,-132.59926032129758,6.1070256556988864,5.381422696083325,-126.18861984082494
2021-05-09 16:44:08.931940,1620567848.9319408,6.417552074471285,-15.647928645754343,-131.9655791658427,6.32296295569169,5.1984470767434265,-125.31861561367278
2021-05-09 16:44:09.041488,1620567849.0414882,6.189508775330689,-16.295506125108354,-131.10224272250906,5.919696165427837,4.5145595544341015,-124.53027178050716
2021-05-09 16:44:09.151262,1620567849.1512623,5.230173437410931,-16.724291994307254,-131.57350946415605,4.805309161603253,4.2758129613422495,-125.36288119605761
2021-05-09 16:44:09.260907,1620567849.260907,5.1081474882638,-16.864168338833903,-133.4108908076184,4.593572982968886,4.271872357885755,-127.29409498895765
2021-05-09 16:44:09.370159,1620567849.3701596,4.869819992873053,-16.787071849626262,-135.93489681161836,4.255425499277263,4.436516712142616,-130.04004015483332
2021-05-09 16:44:09.479481,1620567849.4794815,4.822433006576077,-16.63510350915484,-140.24979114254614,4.087672407601623,4.434598122838403,-134.3989496878258
2021-05-09 16:44:09.589842,1620567849.589842,4.993788048796144,-16.174053238089254,-145.76609484027884,3.9724684017963585,4.973026548315157,-139.98837807324745
2021-05-09 16:44:09.696946,1620567849.6969464,4.760515039277934,-15.214007580654842,-152.75325195819389,3.596305732987267,5.84086011243871,-147.20363849237526
2021-05-09 16:44:09.809137,1620567849.8091373,4.216885973732889,-14.451530240501276,-160.8850277321197,2.7795372301271,6.029286580943375,-155.70395600226377
2021-05-09 16:44:09.918540,1620567849.9185407,3.7327673767788467,-14.010034176264867,-170.5685493679991,2.4529374516644027,5.754030950131822,-165.8790486929352
2021-05-09 16:44:10.028135,1620567850.0281355,3.8781808410334637,-13.830494959186966,178.6515736102089,2.946401328049044,5.865141766309395,-176.92043619256955
2021-05-09 16:44:10.137740,1620567850.1377409,4.147143916096313,-13.47635107411528,167.65817264646026,3.389025672464383,5.999056984555531,172.0028953719795
2021-05-09 16:44:10.247463,1620567850.2474637,4.708811998502118,-13.374693722621013,155.35657575387913,4.321040087565388,6.104115829205236,159.55960863883178
2021-05-09 16:44:10.357264,1620567850.357264,5.408833016719986,-13.32234158968984,142.60209038804157,5.056485371287207,6.1574421054276405,146.95193122725544
2021-05-09 16:44:10.466913,1620567850.4669132,6.12119701511742,-12.81575184266883,129.28593151556248,5.906847219854382,6.666990605974897,133.90735180198334
2021-05-09 16:44:10.575848,1620567850.5758488,6.499104925023294,-12.627292065303665,116.01184648427463,6.35324147977255,6.921967624783755,120.58263820737352
2021-05-09 16:44:10.686158,1620567850.6861587,6.505962392172175,-12.083724522341207,102.35876140439458,6.259982988028476,7.695885190908995,106.71113702634015
2021-05-09 16:44:10.795922,1620567850.7959225,6.390558841926798,-11.770856077760875,88.51007356943502,6.0371243741613245,8.123725633485513,92.69156476608367
2021-05-09 16:44:10.905501,1620567850.9055014,6.0143422579157315,-11.356990235108814,74.6769366790595,5.774022110521027,8.565138452690407,78.67733839455401
2021-05-09 16:44:11.015178,1620567851.0151784,5.913906405066359,-11.464528025421757,60.44124477058784,5.574186950290909,8.411430771977452,64.17566572833651
2021-05-09 16:44:11.124830,1620567851.12483,5.881987486244295,-11.870740583723615,46.16833136128741,5.599499773220862,8.109763837595505,49.900813193058305
2021-05-09 16:44:11.234310,1620567851.2343102,6.207281312087487,-12.021123624730738,31.503521131362046,5.867788721119174,7.9845366238538675,35.088964258394434
2021-05-09 16:44:11.344201,1620567851.344202,6.685392399111415,-12.106174399020093,17.02847486344658,6.361436242631234,8.01141632471594,20.669540869868566
2021-05-09 16:44:11.453180,1620567851.45318,6.743918834221927,-11.91680354003108,3.391632905591601,6.394516713009221,8.352817732047912,6.943029141202998
2021-05-09 16:44:11.563506,1620567851.5635064,6.353821089584213,-11.840460989448426,-9.857969638212806,5.838596713710736,8.279311952220286,-6.760065036347504
2021-05-09 16:44:11.673199,1620567851.6731994,5.786915467507029,-11.809428258460038,-22.732558101128824,5.51302447432857,8.076247318410514,-19.985940650522046
2021-05-09 16:44:11.783123,1620567851.7831235,5.736014828527358,-11.75357037169802,-34.94126161059865,5.311753013591125,8.080799857020791,-32.49382322244693
2021-05-09 16:44:11.892395,1620567851.8923957,5.131825454078986,-11.579059983173288,-46.596829234634825,4.813647568493441,8.068807489600045,-44.469675915748276
2021-05-09 16:44:12.002106,1620567852.0021062,5.032241513524266,-11.944748408700152,-57.44696285358257,4.783794585620941,7.664475625357567,-55.27029801357494
2021-05-09 16:44:12.111826,1620567852.111826,5.165900575771583,-12.446320108837602,-67.40104392998187,5.123793831126443,7.208646489550181,-65.24745673842854
2021-05-09 16:44:12.221291,1620567852.2212918,6.400391789384619,-12.731047514685047,-75.82006877034492,6.553757384560604,7.190915016782723,-73.16643190003494
2021-05-09 16:44:12.331034,1620567852.3310347,7.040736999314349,-12.283030420134523,-82.69905209456603,6.954067665751407,7.934327645980958,-79.73855034360012
2021-05-09 16:44:12.440693,1620567852.4406936,7.700413612434575,-11.708372254515542,-88.1140435834117,7.796259573491273,8.91583042735986,-84.93446901484982
2021-05-09 16:44:12.550349,1620567852.5503497,7.730094441355094,-11.62659440119613,-91.4123693436658,7.859111402933957,8.704727763445623,-88.20617570199008
2021-05-09 16:44:12.660112,1620567852.6601129,7.714910907615126,-13.014480406695322,-93.6721604175314,7.764973103976892,7.551727767536778,-90.27671523882356
2021-05-09 16:44:12.769546,1620567852.7695463,6.567294030871846,-15.212166448743698,-94.78992099601732,6.588942112399038,6.071790841225303,-91.64284387092785
2021-05-09 16:44:12.879372,1620567852.8793728,5.095201785972167,-18.76973337939527,-95.8426353604114,5.438638261639748,3.4824768085988045,-93.80217593918616
2021-05-09 16:44:12.988957,1620567852.9889576,3.756662126046204,-22.97651673617739,-95.88752066763234,4.8785141959173135,1.0125899896064443,-94.52966880711135
2021-05-09 16:44:13.098475,1620567853.098475,2.9872457821787757,-26.67716720416957,-94.38888542432004,4.715582003992558,-2.626931430339253,-93.61831213741195
2021-05-09 16:44:13.205588,1620567853.2055879,2.3743944028774604,-29.281556270380403,-92.57020602668553,4.330280325983977,-4.575656138448281,-92.37437242456741
2021-05-09 16:44:13.317318,1620567853.317318,2.922980051083673,-31.13875445996951,-91.61879851230603,4.806520369276594,-6.906113695798917,-91.5213010380324
2021-05-09 16:44:13.427128,1620567853.4271286,2.8368840149873438,-32.270280725865724,-90.24955857094915,4.335418681794057,-8.352378845891213,-90.69981172611925
2021-05-09 16:44:13.537056,1620567853.5370567,3.202294598107678,-31.905111203936926,-90.09494349651952,3.743336901923489,-8.350034407045456,-90.9979461421175
2021-05-09 16:44:13.646318,1620567853.6463187,3.337093992415082,-30.331719014749783,-89.56392037125451,3.251371265987577,-7.270805423247256,-90.89080432499455
2021-05-09 16:44:13.756165,1620567853.756165,3.657488316145663,-29.21563709707786,-89.35451778935486,4.22433071869193,-6.691358494962399,-91.68730493817779
2021-05-09 16:44:13.865501,1620567853.8655016,3.6685574257883617,-29.429544030867834,-88.59891813446517,3.2259914694858076,-7.074629829189311,-90.90285312788586
2021-05-09 16:44:13.975239,1620567853.9752393,3.9489278623597612,-31.9740170702335,-88.64017329852165,4.028187596235938,-9.347732514021532,-91.21381462153919
2021-05-09 16:44:14.084260,1620567854.08426,4.3854050852545425,-33.65445852631117,-87.87241425981985,4.089107816316843,-10.189652685489769,-89.18145618388752
2021-05-09 16:44:14.194351,1620567854.1943517,4.473593378287992,-34.74321825580374,-86.89894701280778,4.465194232720292,-11.451076819992448,-87.6716347694301
2021-05-09 16:44:14.303960,1620567854.3039608,5.939993223853082,-35.006906607829215,-85.83625374061751,6.129501728126976,-11.80275033425993,-84.96011214882826
2021-05-09 16:44:14.413496,1620567854.4134963,7.0897410273786265,-34.26016625922082,-83.44723055559503,7.281359547810186,-11.225445200620998,-82.07692358909902
2021-05-09 16:44:14.523124,1620567854.5231245,6.98696847112948,-31.44122617884835,-79.60894764252149,6.555020424271223,-8.750120408232824,-77.96301936463612
2021-05-09 16:44:14.632540,1620567854.6325407,6.509126856751936,-30.14769390042461,-75.87297142438527,7.344245397666397,-8.378059176093329,-73.94920548488027
2021-05-09 16:44:14.742599,1620567854.7425992,4.998702116473245,-30.613653155699318,-71.11383287613275,4.8521158744915525,-9.324274704828872,-68.60954768171025
2021-05-09 16:44:14.852140,1620567854.85214,3.099932386893512,-29.748876685770608,-68.27731207042316,3.107025781244387,-8.502374651265663,-66.95833206200416
2021-05-09 16:44:14.961599,1620567854.9616,2.602543916206798,-29.399796032605913,-67.39507830470248,2.4452972042231766,-8.043248715279487,-66.02004393813687
2021-05-09 16:44:15.071323,1620567855.0713239,2.0496953237885243,-29.1717945792338,-68.7644191362047,1.1734354163322231,-6.989595935474557,-68.0189207910905
2021-05-09 16:44:15.180936,1620567855.1809368,2.5194814435229835,-28.524569136290587,-72.13598598098369,1.7139308043493247,-5.856300692636757,-71.71256210438857
2021-05-09 16:44:15.290300,1620567855.2903001,3.1152114375534015,-26.921012057309618,-77.27102319274975,1.9323123770853543,-5.258341930340798,-77.31345741467433
2021-05-09 16:44:15.400073,1620567855.4000733,0.6904677746112369,-25.805775336852573,-82.25425052503915,-0.12294276431281713,-5.053331047074924,-84.12213664623918
2021-05-09 16:44:15.509624,1620567855.5096242,1.5786985098763502,-26.14473921129921,-88.90537574767579,1.7597472408631214,-4.883947955515257,-90.17981419505618
2021-05-09 16:44:15.619570,1620567855.6195707,1.9077679347988485,-25.446467579962473,-92.75498886385567,2.34927003964168,-4.181036228619333,-93.4972068633611
2021-05-09 16:44:15.728946,1620567855.7289462,2.3594584314091023,-24.634596579015245,-94.42933180618574,3.6203851703569274,-3.0993422583086345,-94.61072402552595
2021-05-09 16:44:15.838560,1620567855.838561,3.7315358369276033,-24.131645934530553,-92.98727715257404,5.139236615964179,-2.9286145591112165,-92.43759963412218
2021-05-09 16:44:15.946526,1620567855.9465268,6.418931349296563,-24.447117792820936,-89.7927928020092,7.774130396471773,-2.9978830856699163,-87.81630044126602
2021-05-09 16:44:16.057529,1620567856.057529,8.502053806212329,-24.144496287440305,-84.38169330307312,9.647642285066365,-2.4451691380877443,-81.78615139997717
2021-05-09 16:44:16.167144,1620567856.1671443,9.462684827914693,-23.473469917198244,-78.21849613076837,9.755257707143183,-2.0803074421831242,-75.81373739077509
2021-05-09 16:44:16.276899,1620567856.2768993,8.38498648177826,-24.523123020621565,-73.10964358501975,7.679307345082619,-3.610128991135844,-71.29152031781386
2021-05-09 16:44:16.386239,1620567856.3862395,7.559768628397663,-25.054226468840405,-69.32109627295569,6.845181230015016,-3.1478440596833055,-67.93021976843036
2021-05-09 16:44:16.495997,1620567856.4959972,5.691443760508366,-24.14131740722612,-65.7948483625098,4.054945659521566,-2.454407781071601,-64.94020491532636
2021-05-09 16:44:16.605751,1620567856.6057518,3.4160563840710263,-24.56246035451144,-65.29439882029351,2.0941685317111314,-3.058464752438312,-65.67195216122377
2021-05-09 16:44:16.715322,1620567856.7153223,3.432915895981634,-24.742558321675094,-66.17236492410063,2.76825421331744,-3.034262393788047,-67.20874898133336
2021-05-09 16:44:16.824937,1620567856.8249376,4.300769723397132,-24.55538384222005,-67.55381966448557,3.0781059673530002,-2.937113489862505,-68.52381163206364
2021-05-09 16:44:16.934513,1620567856.9345133,5.425094407716805,-25.213596010782112,-69.32192196471118,4.903239020169379,-4.278166836247303,-70.7784364656475
2021-05-09 16:44:17.044069,1620567857.04407,6.644578463848522,-26.229341467901403,-67.86499297100255,6.602437004483566,-4.695076416833923,-68.59025302044921
2021-05-09 16:44:17.153652,1620567857.1536524,7.700851908586688,-26.765099698148365,-63.103689849540274,8.051415083001043,-4.605888049910675,-63.04608354908078
2021-05-09 16:44:17.263261,1620567857.263262,9.173001460528656,-26.438433403533665,-54.591988699899716,9.501351704906359,-3.8402566008983956,-53.229651301412886
2021-05-09 16:44:17.372810,1620567857.3728101,8.820411042887544,-26.50622149264439,-42.55444884935595,9.23890337737163,-3.2886241307729556,-40.85541091663073
2021-05-09 16:44:17.482213,1620567857.4822137,8.641721579518942,-26.434386725197125,-29.099182290587866,9.070084180348026,-3.856435329976199,-27.193960559024617
2021-05-09 16:44:17.591780,1620567857.591781,7.644652480395304,-28.045222158718424,-14.188592251352453,8.761538520393545,-5.259730753712179,-12.294530967578446
2021-05-09 16:44:17.701480,1620567857.7014806,6.225325357062114,-29.613671124710862,0.38158597142941875,7.337008505085066,-7.196960693396889,2.4596217772781537
2021-05-09 16:44:17.811265,1620567857.8112652,2.0001343529324966,-29.667390791057773,15.185095545344495,2.7200440748351604,-7.278854586088887,15.824287674801408
2021-05-09 16:44:17.920899,1620567857.9208992,-0.6096071541632837,-27.745347637960457,26.402024857141978,0.150565874909095,-5.071582357516774,25.71208377019174
2021-05-09 16:44:18.030447,1620567858.0304477,-1.8609612515653486,-26.61739291736829,35.38632722753606,-0.6964468572606598,-4.68342965388961,33.90949020335271
2021-05-09 16:44:18.139910,1620567858.1399105,-0.9931442455539716,-25.494798442197165,40.76655546191488,-0.05298421697147995,-2.775382821875974,39.62730585521557
2021-05-09 16:44:18.249350,1620567858.2493503,0.6220485892253163,-24.68621524400084,44.53961718317582,1.0896735896284027,-2.2018577027465045,43.88593504008996
2021-05-09 16:44:18.359175,1620567858.3591754,1.7689485618947234,-24.976663402505572,46.789760503455476,2.212967449095497,-2.259124387915196,47.00788768611311
2021-05-09 16:44:18.468810,1620567858.468811,2.8104718217341373,-25.458580574253762,48.96747492190485,3.0568413445682587,-2.251477940960045,49.10808021805982
2021-05-09 16:44:18.578318,1620567858.5783186,3.531171276961429,-25.443374973799237,48.919784749439046,3.5719369194918524,-3.1096843322752052,49.22767365263705
2021-05-09 16:44:18.687908,1620567858.6879084,4.606542164369801,-25.01736958102383,47.519294103985324,3.80343033658819,-3.9523115064741385,48.18403008007692
2021-05-09 16:44:18.797494,1620567858.7974942,4.482940580899399,-25.18041480939063,47.572106416953645,3.6374739692674374,-4.8594794525193965,47.90860833718945
2021-05-09 16:44:18.907082,1620567858.9070826,4.187236973261562,-25.819490780533375,48.846294211713115,3.8455153129360435,-5.775676637014055,48.988423663820065
2021-05-09 16:44:19.016834,1620567859.016834,4.040544982726322,-27.071791022562394,49.78425257078659,3.9262627197782924,-6.852687992250969,49.97752213093567
2021-05-09 16:44:19.126402,1620567859.1264026,4.29990729505195,-27.20036882637312,51.850425051878155,4.1603142640221895,-7.077160652265248,51.80886237865967
2021-05-09 16:44:19.234826,1620567859.234826,4.59646824813008,-27.190969921711922,53.897125131129656,4.663742269624969,-7.362050883536368,53.530603433105405
2021-05-09 16:44:19.345547,1620567859.345547,4.966656065609956,-27.414690398817726,54.726256484946546,5.147833543433847,-7.603973039915246,54.22759363852658
2021-05-09 16:44:19.455120,1620567859.4551208,5.4605082090724135,-27.10404929013539,55.0119153683643,5.59688515193352,-7.795968825444369,54.21397777627161
2021-05-09 16:44:19.564854,1620567859.5648546,5.479394321108898,-26.84078236251095,55.255338861213794,5.897363996012318,-7.866063509558786,54.19529122759629
2021-05-09 16:44:19.674107,1620567859.674107,5.923482529163273,-26.71820732829074,55.606875940742235,6.086185189839194,-7.930075801426001,54.558958017507024
2021-05-09 16:44:19.783709,1620567859.78371,6.073483453634677,-26.74349202125039,56.026631434081644,6.11856195288318,-8.072309591190782,55.05526522840542
2021-05-09 16:44:19.893421,1620567859.893422,6.244899176366116,-26.72857293561723,55.9365498572713,6.23882677595815,-7.9173952648728445,54.98339090196114
2021-05-09 16:44:20.002929,1620567860.0029292,6.511943166553511,-26.68333323910433,55.536793849637796,6.2764642746238515,-7.802722422353176,54.79367218386157
2021-05-09 16:44:20.112651,1620567860.1126516,6.348090453173248,-26.650555236608287,55.44134687276225,6.227641928932471,-7.755284449557716,54.60000153768162
2021-05-09 16:44:20.221424,1620567860.2214246,6.303862156916824,-26.371321807235773,54.99874759361764,6.1995411965464005,-7.430430620741613,54.4129349413077
2021-05-09 16:44:20.332256,1620567860.3334801,6.392510747717179,-26.791823060083132,54.939134661570954,5.9778599696910195,-7.588610811276094,55.05091492429302
2021-05-09 16:44:20.441356,1620567860.441356,7.040358889544174,-27.519102748422814,53.59461492361959,6.381818561123256,-8.035898448737314,54.46857481614584
2021-05-09 16:44:20.551298,1620567860.5512989,7.035334444584098,-27.457874573129455,53.47621087265406,6.513046302220895,-7.835997673171102,54.14903538051626
2021-05-09 16:44:20.660561,1620567860.6605616,6.951599900930115,-27.13442981227758,53.814884300503216,6.490070336197572,-7.690816630672517,54.317567336336275
2021-05-09 16:44:20.769534,1620567860.769535,6.595553347823431,-27.20122409144035,54.468332524988845,6.143560151085904,-7.79658973655634,54.72740539960628
2021-05-09 16:44:20.879762,1620567860.8797624,6.185708487100347,-27.004033115415513,54.34208372322764,5.717577010798556,-7.724295401485708,54.67921310938875
2021-05-09 16:44:20.989221,1620567860.9892213,5.867801555687314,-27.044267385539488,54.70414887920784,5.364745447074393,-7.997373496016646,55.185234541939124
2021-05-09 16:44:21.098795,1620567861.0987952,6.261490266093241,-27.500918564800028,54.01213135942956,5.581752943855193,-8.418857470959423,55.183779158220965
2021-05-09 16:44:21.208411,1620567861.208411,6.215006149229724,-27.603923298670644,54.313484810054184,5.481470512788197,-8.681045811081422,55.559097952750626
2021-05-09 16:44:21.318082,1620567861.3180828,6.437846928909075,-27.765347607746264,53.73024634585165,5.5267056718303476,-8.753499351889909,55.25826752932323
2021-05-09 16:44:21.427546,1620567861.427547,6.154456651156039,-27.348692803222292,53.31400093539668,5.278559862838112,-8.517824128530899,54.621768475461785
2021-05-09 16:44:21.537219,1620567861.5372193,5.911665119795319,-26.9087835604738,53.3400692271396,5.104777080059869,-8.11569423022979,54.480964809938165
2021-05-09 16:44:21.646737,1620567861.6467373,6.120258421855423,-26.440496805901837,53.26591396216937,5.289940306300416,-7.72350980970597,54.435543469533656
2021-05-09 16:44:21.756587,1620567861.7565877,6.118789914678163,-26.32148737342863,53.467840008604156,5.294739713368699,-7.640529093396313,54.604434418212705
2021-05-09 16:44:21.865754,1620567861.8657546,6.087845157759551,-26.394287784010277,53.42778847710692,5.234809998408466,-7.516198908227771,54.67933287461539
2021-05-09 16:44:21.976027,1620567861.9760273,6.002016465837553,-26.571775156609657,53.84976340098534,5.055252921131371,-7.453922849850062,55.20742200743404
2021-05-09 16:44:22.084867,1620567862.084867,5.587937400695496,-26.73583550840333,54.32766279747112,4.809916923413734,-7.244694682458975,55.41453275269107
2021-05-09 16:44:22.193870,1620567862.19387,5.2824560139761285,-26.325156851266385,54.68518634078621,4.757865428079659,-6.951788687298778,55.48387426051818
2021-05-09 16:44:22.303959,1620567862.3039598,5.213428333814244,-25.830712960500822,55.151452427424005,5.004788643560059,-6.531411604315586,55.90968103023088
2021-05-09 16:44:22.413613,1620567862.413613,5.424603668535575,-25.70719578931476,55.61799234471433,5.133508133609855,-6.403728973346242,56.45611912919956
0,0,5.732615379770988,-13.771304908643833,-0.48845838449197454,4.550469358440981,5.103730434413108,1.449141295301187
